<?xml version="1.0" encoding="UTF-8"?>
<project-private xmlns="http://www.netbeans.org/ns/project-private/1">
    <editor-bookmarks xmlns="http://www.netbeans.org/ns/editor-bookmarks/2" lastBookmarkId="0"/>
    <open-files xmlns="http://www.netbeans.org/ns/projectui-open-files/2">
        <group>
            <file>file:/D:/DO_AN/RestaurantManager-master/src/hotel/manager/models/DichVu.java</file>
            <file>file:/D:/DO_AN/RestaurantManager-master/src/config/jdbcConfig.java</file>
            <file>file:/D:/DO_AN/RestaurantManager-master/src/hotel/manager/controllers/PhieuDatPhongController.java</file>
            <file>file:/D:/DO_AN/RestaurantManager-master/src/hotel/manager/controllers/DichVuController.java</file>
            <file>file:/D:/DO_AN/RestaurantManager-master/src/util/MD5Library.java</file>
            <file>file:/D:/DO_AN/RestaurantManager-master/src/hotel/manager/views/BarChartFXML.fxml</file>
            <file>file:/D:/DO_AN/RestaurantManager-master/src/util/AlertCustom.java</file>
            <file>file:/D:/DO_AN/RestaurantManager-master/src/util/RandomId.java</file>
            <file>file:/D:/DO_AN/RestaurantManager-master/src/hotel/manager/controllers/KhachHangController.java</file>
            <file>file:/D:/DO_AN/RestaurantManager-master/src/hotel/manager/MainFXML.fxml</file>
            <file>file:/D:/DO_AN/RestaurantManager-master/src/hotel/manager/controllers/DoiMatKhauController.java</file>
            <file>file:/D:/DO_AN/RestaurantManager-master/src/util/CurrentTime.java</file>
            <file>file:/D:/DO_AN/RestaurantManager-master/src/hotel/manager/models/HoaDon.java</file>
            <file>file:/D:/DO_AN/RestaurantManager-master/src/hotel/manager/models/NhanVien.java</file>
            <file>file:/D:/DO_AN/RestaurantManager-master/src/hotel/manager/models/TrangThaiPhong.java</file>
            <file>file:/D:/DO_AN/RestaurantManager-master/src/hotel/manager/models/Phong.java</file>
            <file>file:/D:/DO_AN/RestaurantManager-master/src/hotel/manager/controllers/PhieuThuePhongController.java</file>
            <file>file:/D:/DO_AN/RestaurantManager-master/src/hotel/manager/models/KhachHang.java</file>
            <file>file:/D:/DO_AN/RestaurantManager-master/src/hotel/manager/models/ChucVu.java</file>
            <file>file:/D:/DO_AN/RestaurantManager-master/src/hotel/manager/MainController.java</file>
            <file>file:/D:/DO_AN/RestaurantManager-master/src/hotel/manager/controllers/NhanVienController.java</file>
            <file>file:/D:/DO_AN/RestaurantManager-master/src/hotel/manager/controllers/PhongController.java</file>
            <file>file:/D:/DO_AN/RestaurantManager-master/src/hotel/manager/models/PhongSuDung.java</file>
            <file>file:/D:/DO_AN/RestaurantManager-master/src/hotel/manager/controllers/HeThongController.java</file>
            <file>file:/D:/DO_AN/RestaurantManager-master/src/hotel/manager/controllers/BarChartFXMLController.java</file>
            <file>file:/D:/DO_AN/RestaurantManager-master/src/hotel/manager/models/DonViTinh.java</file>
            <file>file:/D:/DO_AN/RestaurantManager-master/src/hotel/manager/models/GioiTinh.java</file>
            <file>file:/D:/DO_AN/RestaurantManager-master/src/hotel/manager/models/LoaiPhong.java</file>
            <file>file:/D:/DO_AN/RestaurantManager-master/src/hotel/manager/models/KiemTraPhong.java</file>
            <file>file:/D:/DO_AN/RestaurantManager-master/src/hotel/manager/models/LPhong.java</file>
            <file>file:/D:/DO_AN/RestaurantManager-master/src/hotel/manager/models/PhieuThuePhong.java</file>
            <file>file:/D:/DO_AN/RestaurantManager-master/src/hotel/manager/css/dichvufxml.css</file>
            <file>file:/D:/DO_AN/RestaurantManager-master/src/hotel/manager/models/HeThong.java</file>
            <file>file:/D:/DO_AN/RestaurantManager-master/src/hotel/manager/models/DoiMatKhau.java</file>
            <file>file:/D:/DO_AN/RestaurantManager-master/src/util/FormatNumber.java</file>
            <file>file:/D:/DO_AN/RestaurantManager-master/src/hotel/manager/models/DichVuSuDung.java</file>
            <file>file:/D:/DO_AN/RestaurantManager-master/src/hotel/manager/controllers/HoaDonController.java</file>
            <file>file:/D:/DO_AN/RestaurantManager-master/src/hotel/manager/models/PhieuDatPhong.java</file>
            <file>file:/D:/DO_AN/RestaurantManager-master/src/hotel/manager/controllers/LoginController.java</file>
            <file>file:/D:/DO_AN/RestaurantManager-master/src/hotel/manager/Main.java</file>
        </group>
    </open-files>
</project-private>
